0.0,0.0
-0.896184988873206,-0.634022986016297
-1.83111895790997,-1.24550159791628
-2.83200970781598,-1.79261257562713
-3.83207907318225,-2.27005394928348
-4.72026648144597,-2.77595274902239
-5.66506375621683,-3.29051816442785
-6.84051135350691,-3.57594518936072
-7.94372160318796,-3.98306724659497
-8.99908342500256,-4.54324694082398
-9.91654786576696,-5.22015456807683
-10.4774625254005,-5.69990909173528
-2.44233367796917,6.23837126596068
-1.94350361719434,5.2244728535124
-1.4518580181481,4.15287025990609
-1.00960373787393,3.07011750059863
-0.683326825117783,2.1091570985584
-0.398089414848123,1.14647292625549
-0.0510659732848972,0.15921498500381
-0.54328578584343,-0.559257403241676
-1.3976454165534,-1.0871657612139
-2.27398805659025,-1.65173214994535
-3.29665605533042,-2.18912661057872
-3.99329750690043,-1.5950284560413
-4.35445221869765,-0.966078995897108
-2.29667054702672,-17.7209091455874
-3.4045072203355,-17.8293698991265
-4.4478906564544,-17.9187125236226
-5.55706141865974,-18.0188490591149
-6.16413675549532,-17.2167071619271
-6.28475046815333,-16.1926800846554
-6.80591859771624,-15.3281452552151
-7.26660569266603,-14.3367637520831
-7.40057321077441,-14.2085266183696
-10.2221517135177,-13.3469973197851
-10.4278134050853,-12.2970897624599
-11.0452696819031,-11.4634512686444
-11.5835690898713,-10.5250843429663
-11.968058568179,-9.59580101294757
-11.8883577234831,-8.56920075237107
-11.3813368525271,-7.62736072212536
-10.8882590361402,-6.66660109899039
-10.5309319556928,-5.7290743176871
-10.1690556657419,-4.51818909616709
-9.96442823783809,-3.54022976180848
-9.79650002010246,-2.34194066164296
-9.84357510388574,-1.16547394377027
-10.2146823122761,-0.184979536257852
-10.909614814866,0.665251918602914
-11.9143616205533,0.940448289330049
-12.8605143840945,0.433708785518071
-13.307255097977,-0.584857026365253
-13.1353307721193,-1.68322080471524
-12.5311618246279,-2.64422286192635
-11.7670766092126,-3.31391721528373
-11.0303972813894,-4.02398740454523
-10.5221781691617,-5.02470575455222
-10.602579947093,-6.03852333136444
-11.5541423838827,-6.56594000901469
-12.7315938008419,-6.24101165027066
-13.8535349328128,-5.64689317005549
-14.886220476205,-5.06863172597816
-15.8059773785499,-4.63592960577013
-16.4824304079234,-3.92363403781007
-16.3752242826211,-2.83023892779288
-15.7033150703805,-2.01457062019807
-14.7351623944363,-1.30208568183682
-13.7470393179133,-0.523041142281346
-12.8589228271526,0.321227564627916
-12.0382348005542,1.04118321752542
-10.8518530394272,1.21209203320496
-9.81930579825149,0.886685354858081
-9.0963925581306,0.0349744329023097
-8.72691432372287,-1.08420539096626
-8.81939902995791,-2.27889199967233
-9.25917394291737,-3.38207918049763
-9.78048422303733,-4.30003826359864
-10.3525304525929,-5.4233597085241
-10.8699756914223,-6.31277858639962
-11.8224683665739,-6.55662879188907
-12.2629673540892,-5.64138322674699
-12.2002576070681,-4.62278102655683
-12.2562616724308,-3.47779453789655
-12.5811006857605,-2.53371685754699
-13.3681636835617,-1.93742862963723
-14.4273398528217,-2.03353279449163
-15.1297234783668,-2.89815983323936
-15.1819694481642,-4.01932626233149
-14.5963833004429,-4.80471286775551
-13.5964743436066,-5.24901975931712
-12.6755655512631,-5.76953150063478
-12.0011741212969,-6.51740975739862
-11.776854784439,-7.64249017578982
-11.7380785282521,-8.76403784651455
-11.6381174514391,-9.8870703097806
-11.0890238842477,-10.90534385623
-10.5300940130135,-11.7857783776277
-10.2970602863528,-12.7910627844675
-10.2351064326607,-13.2375771087574
-7.42047795151993,-28.322119980546
-8.36605631793767,-28.6641512678298
-9.45907212532398,-29.0247796683598
-10.4710110050111,-29.2772392142496
-11.4409198221517,-29.5653347255727
-12.4362839613616,-29.8246029658098
-13.6146245122326,-29.9360326394435
-14.6924388288922,-29.903759552843
-15.6970381395761,-29.956768542022
-16.3234209585675,-29.1304680422022
-15.9705110524453,-28.0271945197978
-15.0349829937389,-27.4296628789417
-13.9261784001618,-26.9758798342075
-12.9228395796747,-26.6661162273293
-11.843180740545,-26.9692920631547
-11.3387142701768,-27.9845847308069
-11.6980116430092,-29.1071438872137
-11.8580442969556,-30.231760493034
-11.6191601010226,-31.3184198879805
-11.0141799204614,-32.316809340434
-10.3251772054009,-33.2767086866797
-10.2730025534618,-33.2458870664256
-10.4016029552924,-32.1897963255123
-10.3373549194785,-31.1794192134354
-9.49117956744027,-30.6481233633627
-8.88906871536056,-29.8348308698148
-8.91321828007447,-28.6728235034374
-9.31338582130883,-27.5544930189872
-9.58762305646354,-26.4284682826698
-9.75929011938397,-25.2367536055043
-9.92169085116414,-24.1202276612458
-10.4217717730998,-23.0336277946085
-11.2368914082868,-22.0697464521563
-12.1726331259224,-21.470765390584
-13.4356092182392,-21.3186618808815
-14.7107554141374,-21.3255874334284
-15.9134763037384,-21.3959743664732
-16.550040195527,-22.2157580858858
-16.712075613033,-23.3222410142041
-16.6778419352444,-24.5080435585119
-16.6831464627881,-25.6078967764033
-16.6717998277631,-26.8251175967826
-16.5297241690786,-28.0236453255508
-16.2784826893008,-29.217062764105
-15.8488661921888,-30.1251850005329
-14.6663814205015,-30.2829297063605
-13.584235938242,-30.0838890039783
-12.6649327288811,-29.690775897845
-11.7460251550812,-29.1720676074051
-10.8153888624236,-28.6216518906121
-10.0737837965378,-27.8940850080275
-9.63628134850049,-26.8302305303242
-9.68355079862758,-25.7115025286579
-9.76647883888041,-24.6696685727832
-9.76030335138241,-23.4777042353377
-9.79185454962461,-22.416719031638
-9.93079324414035,-21.3329074782872
-10.171435739638,-20.2526998524534
-10.2094175402026,-19.1742332406569
-10.23439348088,-18.0915815690396
-10.2777585748342,-17.0556326944653
-10.263661157099,-16.0239855399983
-10.2685560664292,-15.0074226397965
-10.2716630388646,-14.0019885821361
-10.2227354018405,-13.3409487377037
-13.0352129505197,-30.7450654140073
-12.1725229718331,-30.1708335325765
-11.3832794503894,-29.5509698000118
-10.6545716741699,-28.8208775388498
-10.0074700743406,-27.9259938086084
-9.65074286780821,-26.9636135231981
-9.69152578736969,-25.7404917219697
-9.56985055829637,-24.6410179589512
-9.03523048892241,-23.627934610535
-8.85453382884563,-22.5903970564461
-8.86314193242447,-21.4564468661506
-8.91164047306628,-20.333234587729
-8.99322214436447,-19.1605449483983
-9.12278935434372,-17.9325904372363
-9.15324268391695,-16.8082767889085
-9.32967325248568,-15.6485905658484
-9.79624190340282,-14.485610530094
-10.1883540300542,-13.5119010388547
-10.2175384467852,-12.2604164464744
-9.98714573805631,-11.2560851813195
-9.68218516055665,-10.1192154106712
-9.50142301755234,-9.10930690382942
-9.34706072430786,-8.0665566854012
-9.14322809006034,-7.04905610844594
-8.73196279846712,-5.8748586489862
-8.00908200131856,-4.80515894889388
-7.52950173072402,-3.78720181802942
-7.67544085807231,-2.77467312193279
-8.25511327132507,-1.7420323493804
-8.94039442293795,-0.707061281216214
-9.74184096169779,0.22116232931739
-10.6052446987922,0.907826176603548
-11.609308452528,1.07486805643324
-12.6023635507181,0.586860130418414
-13.3301070698209,-0.284253856895553
-13.3219571719985,-1.2574267320341
-12.7893066796951,-2.32876568794389
-12.5516303550558,-3.40296141608114
-12.7136704886675,-4.46556112379147
-12.6944164495942,-5.52169393786817
-12.0036293716473,-6.57406232480137
-11.3245087857216,-7.45488145631311
-10.7862634483878,-8.36580800057445
-10.4047654386549,-9.56296412173312
-10.4101046620072,-10.5937073832168
-10.3761840022404,-11.591401235166
-10.2812499575013,-12.7115503369723
-10.1876329640791,-13.7261246623191
-9.88846278955274,-14.787003843167
-9.6569933104804,-15.805718875212
-9.61241464164972,-16.8948552193946
-9.53942724905336,-18.1650331012993
-9.47871403661702,-19.4274880173089
-9.29665766155711,-20.6916242797158
-9.24133736168539,-21.804354342894
-9.24064464717062,-22.9281880867306
-9.31862126292529,-24.0019099451437
-9.57494788959074,-25.1622582612247
-9.66345515135675,-26.1933828712141
-9.78846974723543,-27.3468197055797
-10.3356159190075,-28.4068536636021
-11.0088838875481,-29.374522110875
-11.6885542310018,-30.2484692538393
-12.7541952587909,-30.7290570162878
-13.002380014263,-30.7443717696763
-7.75592705691626,-24.4675846006793
-6.64545205949426,-24.3467163615333
-5.70508176834313,-23.9988777894313
-5.75344953206597,-22.9166122011932
-5.83035108874918,-21.8613996712648
-5.91868639597751,-20.800583561371
-5.41988563607683,-20.0222056391304
-4.31749072576898,-19.9949749498344
-3.10997441530627,-19.95925331256
-2.48373153683221,-20.4791273215873
-2.51301171517823,-21.490478677638
-2.47484799241436,-22.5038460947182
-2.4103649599215,-23.5435043227553
-2.36035077225074,-24.5471546385184
-2.44022251734709,-25.6300401674488
-3.36496830560525,-25.833014972645
-4.53707297233688,-25.7622469214654
-5.67188096461096,-25.7730604583185
-6.11020841695142,-25.1791693422826
-6.53730944496364,-24.5235206544938
-7.71267435391285,-24.4698704457953
-2.44148673558071,6.2377232516877
-3.48086290983906,5.88335243503875
-4.40560930829379,5.45838679344207
-5.44045535934264,4.95697760619629
-6.4176194503998,4.49061049855834
-7.43993129313935,3.99612333150595
-8.27319673584153,3.23510010467253
-7.98015824699421,2.31616680926378
-7.29501660813,1.4254490236022
-6.55205370143629,0.68598021815083
-5.48376523050712,0.0830435358581047
-4.56496823264861,-0.598600893420538
-4.07079877893433,-1.47979294154726
-3.14366650399672,-1.86265623548456
-2.20538411835173,-1.33437739443713
-2.07782563367498,-0.222296145100925
-2.73017994423591,0.534811756915674
-3.79329655015422,1.06808367056731
-4.42651478364397,1.82918486487981
-4.53155498505545,3.00665125381276
-5.06536045127593,3.85778990363947
-6.143889983794,4.07159643548814
-7.18927200557859,3.62644449763953
-8.10141483487302,3.21121460631765
-8.43666668367642,2.378091255029
-7.7758395331951,1.41423499450278
-7.12730492695066,0.547671945833967
-6.12927875825991,0.106362397858015
-5.07394147486736,0.171796653950382
-3.87772928742501,0.261496514008891
-2.72068216261728,0.334910802185376
-1.60713944157374,0.496449567500971
-0.921406438413654,1.11914858446955
-0.991607938330628,2.18301816294415
-1.30825087473728,3.16069617567287
-1.71008694130248,4.10000482503199
-2.05643087652313,5.26908586609592
-2.45072633068406,6.26623783270531
-2.0875110935359,5.34352856706807
-1.56906937353096,4.34118533844451
-0.969507947773337,3.33005018506461
-0.605940134549627,2.36645508832085
-0.357539328666874,1.38889305664062
-0.0658329137263357,0.282010427728497
-0.252124640113559,-0.683876996973495
-1.3842076288062,-1.31082659567314
-2.50385105276827,-1.74252664611386
-3.5348946571771,-1.79480025979225
-4.27159131446468,-1.142974138106
-4.72602798626699,-0.228232820769225
-5.54714197010782,0.461146279778133
-6.68892169487313,0.857988388189235
-7.54715697214538,1.6620889943501
-8.20766621691847,2.54689841225323
-8.11775174877132,3.51206723102945
-7.17567361385713,3.89632180830727
-6.18077742994068,3.70289096052807
-5.4963948452395,2.79851376367411
-5.23962405858027,1.62590145533387
-5.09737268418847,0.635726820094245
-4.73958958396352,-0.354731634438889
-4.45072357627751,-0.811719989077035
-13.0313431558491,-30.742835123105
-11.9842904594375,-30.1161902053254
-10.9672094307603,-29.4612228809625
-10.0714921094376,-28.9371685612377
-8.87351171018768,-28.5461263396523
-7.77047729257333,-28.3606991112432
-6.63412205360777,-28.427171868159
-5.52882829700304,-28.7256629364853
-4.37044227489455,-28.9141938733257
-3.23058530910856,-28.998874446791
-2.18722655340961,-29.0645860717924
-1.72702565180696,-29.7175158013863
-2.92765586260373,-29.6862711267899
-3.93449598746745,-29.6038615953306
-4.96140651967085,-29.5008626779613
-6.00075843240307,-29.2472324244901
-6.92132291432986,-28.5879729273491
-7.92598181167536,-28.214367904027
-8.73134004119456,-28.7421603181585
-8.93376209069403,-29.81398947875
-9.59779665011247,-30.6251806970024
-10.7100577952557,-30.9130819732197
-11.7404595955419,-30.9327051789282
-12.9276315923894,-30.7621744018553
-7.4353404817984,-14.1725754279968
-8.36465324034298,-13.5743286225284
-9.26909432116116,-13.0043417092208
-10.3044020225991,-12.2862478052823
-11.3142321698284,-11.5802672991326
-12.038084969488,-10.8282930822443
-12.6125336796181,-9.8283168826999
-13.1350630394001,-8.75689492994274
-13.6042386593199,-7.72681062811939
-14.1453463834096,-6.8167782759318
-14.9745517982226,-6.20547738130831
-16.0481844010957,-6.34507209209282
-16.9207762298628,-6.91944327823786
-17.0643734758221,-7.96775901239628
-16.385181365155,-8.82370814730457
-16.483942026945,-9.80655374688799
-16.6405430554804,-10.9578450090428
-16.7521178663719,-12.079924157252
-16.58050798739,-13.2367532771739
-16.3078785438771,-14.2177461478868
-16.4499874667551,-15.2592629661895
-16.521076652994,-16.3904345433165
-16.4735355991269,-17.477789404978
-16.5826178676643,-18.6853845147791
-16.6214228559449,-19.8116709706191
-16.3403922433924,-20.8990969432575
-16.0413771844239,-21.8757134465748
-15.7988806750792,-22.9391575545837
-15.9789508989543,-23.9577655029626
-16.0077297144348,-25.1213065812555
-15.9141291316321,-26.1253550705148
-15.8753881540368,-27.2133680051859
-15.9231526861857,-28.2774402617401
-15.8529638398602,-29.3116694517702
-15.8463694011389,-29.4432007670881
-10.222281824427,-13.3451088984703
-9.16086909204969,-13.0689592649353
-8.01392913486058,-12.9224882985964
-6.95956072686955,-12.8919533562929
-5.77178432952918,-12.8547440266541
-4.60930173498897,-12.7513023269624
-3.39289371562307,-12.573583391961
-2.40568497961287,-12.2469021816
-2.58584063672727,-11.1276711045657
-3.07626410670631,-10.0530728155942
-3.59772549824028,-9.13222257088145
-4.37675925108158,-8.28842479824893
-5.38471247960941,-8.13558297205697
-5.74976329927599,-9.17492529275008
-5.66387108067152,-10.3119625050256
-5.71066534958657,-11.4481145334411
-5.88011590679151,-12.4559160017572
-6.9013404480704,-12.5246832953416
-7.9119985578926,-12.7026728979137
-8.95752760076253,-12.9840431724784
-9.9869897539446,-13.2725502670992
-10.1899023218109,-13.3345244682236
-0.183972811976766,-29.7611187983865
-1.30192720610989,-29.5673200039866
-2.38069679496852,-29.3489606113606
-3.52114448034044,-29.130789809358
-4.53683804310695,-28.9215499890387
-5.4875512087424,-28.6099188193056
-6.60427456856722,-28.3109674517621
-7.87744683160895,-28.3331855201789
-8.94494859862108,-28.4126260381287
-10.1718693474121,-28.5733424799588
-11.0299061691952,-29.0747982725785
-10.9925514858306,-30.2655024401694
-10.6697195466833,-31.3113368630864
-10.4646891941897,-32.4948735206292
-11.041860452718,-33.2907853533599
-12.1445981923254,-33.1167309864565
-12.8123915127271,-32.3453309101599
-13.315462319172,-31.3437180458765
-13.5345690539883,-30.3266143876482
-12.9959127638579,-29.4592300660168
-12.1329549441787,-28.8216140978708
-11.0917089564393,-28.1416546945901
-10.2209503889192,-27.3840028750618
-9.62066589205765,-26.5488480207701
-9.33914203497572,-25.448610230764
-9.16859734266073,-24.4122232501586
-8.04810971588375,-24.4335106780293
-6.98916134164209,-24.6055955496944
-5.97132922468739,-24.9959021844081
-4.97863034560801,-25.6776981874313
-3.82243457557655,-26.0126252335342
-2.78070555611288,-25.88011980724
-2.2357202834778,-25.0655771083673
-2.11675179054655,-23.9997151741055
-2.12612368234093,-22.9253076623017
-2.15201614024074,-21.7503372246396
-2.2818840384845,-20.6307905141731
-3.00202598133888,-19.8690124419377
-4.08141695462639,-19.7653621085647
-5.27220776483988,-19.9698652281896
-6.01484604518264,-20.5731292564132
-5.85439856958833,-21.6642229851343
-5.74539286652087,-22.6591636454598
-5.92229245398682,-23.7212867007875
-6.710423596153,-24.3884412682837
-7.75626663367486,-24.4629591461599
-8.91103570416776,-24.3393597732038
-9.69928237267744,-23.6138032105848
-9.80167626870711,-22.5511609507613
-9.73917601968204,-21.3306607178465
-9.71480294986444,-20.3130449332872
-9.70169834581442,-19.2439183579337
-9.72678188994363,-18.1282454857351
-9.79446196039853,-17.0480130661369
-9.78071241505813,-15.9505108946524
-9.62904496503915,-14.8850725641397
-9.36863704984751,-13.8018043369361
-9.04146559404542,-12.8351226330382
-8.10462989907521,-12.2820401137
-6.94506902432845,-12.5763265675973
-5.91277480764956,-12.7530012884192
-4.7950154490254,-12.920943246259
-3.76196840498903,-12.986881671783
-2.80662894904611,-12.5036659682184
-2.35536376011821,-11.5587575079515
-1.89449268242172,-10.5590939818506
-2.02794294099871,-9.33594899074575
-2.47164227995781,-8.38856687214207
-3.38487051070199,-8.04689515658719
-4.50004088672534,-8.10427372394999
-5.32883051016294,-8.41843702268128
-5.0687082425017,-9.61228934603269
-4.8681548424949,-10.63930725159
-5.00329012281263,-11.6388098481972
-5.92927042748339,-12.0965173201686
-7.06858102061662,-12.3161395521015
-8.1558809157523,-12.6242424794625
-9.19007142497241,-13.0021623405735
-10.1556754569636,-13.3262833942715
-10.8453392322465,-12.3935441987097
-11.466188902327,-11.3828105216002
-11.8887434848645,-10.3661148153595
-11.775497563097,-9.22566518342985
-11.2201208534815,-8.25475527623354
-10.6208094939309,-7.37159564550102
-10.0522702547821,-6.36293262890173
-9.75292131987662,-5.40846487453402
-9.71785826424925,-4.30277115566903
-9.76058282930087,-3.25037825204978
-9.46623919388643,-2.11614401921482
-9.46483350944678,-1.01096008022274
-9.93061020607418,-0.0279745869356405
-10.3668021041295,0.89209871577079
-11.3282392818237,1.27832964320577
-12.2526810229752,0.864482622333361
-13.0161990985434,0.100917464260582
-13.8281237841237,-0.594914933288839
-14.8757454787799,-1.10977657318238
-15.5957955856697,-1.73005919283071
-15.6666046843852,-2.82264630748089
-14.8394982292212,-3.38480200274831
-13.7208358972141,-3.10439502281174
-12.610333683329,-3.08490657377392
-11.7184582854456,-3.59336031951917
-10.9486900202375,-4.29204259558613
-10.5271784314741,-5.20972963918273
-10.512139871318,-5.65590314203293
-4.41755063391568,-0.882757216354002
-3.77374062510351,-1.71305628325021
-3.56542535549454,-2.6582212238835
-4.06800518365724,-3.74869987740849
-4.25186851642924,-4.74288743080097
-3.37839805410138,-5.48008364577405
-2.29030142506578,-5.15837307179391
-1.29908653694811,-4.47864857159926
-0.418565614346484,-3.89676839293663
0.277923624339617,-4.75514970042439
0.680236579838944,-5.86254040715657
1.06318746701666,-7.03569254333175
0.422764460377943,-7.84105288868829
-0.638329735978235,-8.18200793390775
-1.6063766232828,-8.47416989096695
-2.51943006465881,-8.27352954943294
-2.86071832248848,-7.32427135454347
-3.21245251570173,-6.37707757165117
-3.71855242904233,-5.26287650414312
-4.40254145687412,-4.24606758842938
-5.12774350962367,-3.35069739406437
-4.85979637281839,-2.43743619614425
-4.11169396243735,-1.72675456932991
-4.33058082236594,-1.0220451633808
-13.0342692763944,-30.7455246247023
-11.9458762196232,-30.7748227493164
-10.8500779322406,-30.6906206561594
-9.66992678594724,-30.6294478986859
-8.57425267711685,-30.3833839050821
-7.43475632626305,-30.3291778740016
-6.41616886661567,-30.3644911982948
-5.37258550513201,-30.3336141275334
-4.31722920447224,-30.2922070898419
-3.28716946571089,-30.2161086777636
-2.22076712382259,-30.075537276799
-1.17186553988573,-29.9155701308869
-0.138571923185303,-29.7531366747565
-0.259833749998087,-29.1866542494963
-1.17847684085874,-28.6601011000522
-2.08261229799897,-28.2352249650613
-3.24376824492472,-28.1115401506349
-4.29644834510673,-28.3201717633435
-5.38074368281306,-28.4535784408766
-6.55343016093123,-28.3791057877324
-7.74306617038621,-28.3101466442912
-8.91744462084556,-28.4021899271431
-10.0582013713725,-28.4780614737833
-11.1185427936204,-28.6307108571707
-12.1169621693135,-29.1551878409531
-12.8290029330393,-29.8533088385692
-13.0349508576814,-30.7469581830776
-0.183936611779201,-29.7605267001124
-1.28865838009722,-29.6792363475737
-2.46080666365611,-29.5750406083822
-3.50283759690513,-29.5292275867836
-4.55486649901388,-29.5280773513357
-5.73593700939053,-29.4702077725973
-6.95182346234955,-29.4280535234088
-8.01648432767832,-29.4437974672381
-9.07834756913098,-29.5520045476107
-10.1084303813693,-29.6937949042094
-11.3296878863148,-29.7975039211985
-12.5272864094039,-29.8388558377102
-13.7477389189322,-29.6639690292109
-14.9031445060979,-29.5153859941863
-15.3197047644367,-28.5681075971006
-14.960929318528,-27.6337061719661
-13.9342602180727,-27.1043621023238
-12.7446862305434,-26.7223490550387
-11.7500987984005,-26.2776875886587
-10.6801436798656,-25.7438982422295
-9.67006882546982,-25.9044830559996
-9.41734547404911,-27.0035178231696
-9.01274990176324,-27.9754713903885
-8.03401788083579,-28.3288459685825
-7.52559461328343,-28.3228454619736
-10.2221544351443,-13.3406960707274
-10.3065553341172,-12.3088775124125
-10.3791378019254,-11.1646924428619
-10.4444715105629,-9.9842651097333
-10.5022769403006,-8.90762272177596
-10.5213917366184,-7.86507723259894
-10.5318412487716,-6.80944587891911
-10.5280370052663,-5.75560262597519
-10.594099256266,-4.58463170774756
-10.9912751786444,-3.4533914318089
-11.6064999204513,-2.38678227021703
-12.3493344188301,-1.66097593727824
-13.4954421231173,-1.40098143662735
-14.4302706316873,-1.77023605638055
-15.1666894517239,-2.45470765958324
-15.2934154738546,-3.48766240230598
-14.600668752577,-4.289889057768
-13.6420270782568,-4.65298063436411
-12.6198534195993,-5.16175500728553
-11.6694585349805,-5.69843420039169
-10.5148384559912,-5.73590087567298
-9.8263931221686,-4.97916418742685
-10.1172552157654,-3.8848353454605
-10.7480022284788,-3.07927505639207
-11.4435477528069,-2.25347016428232
-12.2634781929485,-1.65053024729751
-13.3586595589754,-1.48439697236685
-14.3273655183345,-1.96005647717571
-14.768394502002,-2.96591629425505
-14.3138218220383,-3.88296609084423
-13.4527102321568,-4.60420862157652
-12.5219738982249,-5.27009616984081
-11.5754353833605,-5.74030640912979
-10.4953829895308,-5.72094961902642
-9.93810454293756,-4.77259297145401
-10.2341272101476,-3.76100170986524
-10.6907100180376,-2.83101405928995
-11.3656408927363,-2.05549441420822
-12.4331536119288,-1.68553329922909
-13.4175238341872,-2.05555545457369
-13.9528449143037,-2.94013507554943
-13.7411238623117,-4.026990402113
-13.0018400001583,-4.71838590410044
-12.0616363263956,-5.43146382421997
-11.0205550250703,-5.77319606398289
-10.0147625994365,-5.4438792231851
-9.93221085877101,-4.4187836121694
-10.4704433689603,-3.4397581783982
-11.036831377452,-2.51525399035552
-11.2446878309107,-1.61716266708449
-10.1559752334832,-1.42373029062433
-9.33024389277836,-2.00451609046402
-9.09539452661391,-2.99709744586381
-9.3670359441379,-4.01279854603683
-9.88738910963597,-4.9474115775078
-10.5482384445295,-5.75729896943725
-11.5279145046353,-5.85053118054434
-12.3708165259959,-5.29673629666857
-13.045840775167,-4.55879320665085
-13.3636255412175,-3.61174143513265
-12.8052321357181,-2.77206118882175
-11.7680766805687,-2.4767122193227
-10.7074908958937,-2.27520726581034
-9.69824014490314,-2.15453310818958
-8.7339505729642,-2.33993437989669
-8.50911508396136,-3.41588377821962
-8.42534759230145,-4.49202448253409
-9.0210663972522,-5.3606868036176
-10.0567582209817,-5.62265497784857
-11.0700045020445,-6.04920763886464
-11.2782080837895,-7.05151977691984
-11.4414533230884,-8.09675587838257
-11.7686767933164,-9.07072880069709
-11.9120151435597,-9.75943809673661
-10.5288039917876,-5.73795744081064
-10.8494115143581,-6.82706361036687
-11.3674798889239,-7.68375916511961
-12.238687443775,-8.30064416347384
-13.3094190693965,-7.96076455124987
-13.9284304426291,-7.15676033511324
-14.7135863655145,-6.48355130434918
-15.8778851931886,-6.20090024529886
-16.8052267099343,-6.7076341956686
-16.8097535186759,-7.80776553612222
-16.715324488318,-8.91341010207557
-16.5760064850425,-10.040453910481
-16.6819426865563,-11.1706030628717
-16.6757327543098,-12.2427255156705
-16.5493029309431,-13.382365710634
-16.2563042833564,-14.4603018962605
-16.1359308909184,-15.4573632344925
-16.3269838602567,-16.4992038133319
-16.495021345778,-17.5154554951473
-16.4572004373251,-18.6502119803402
-16.4096917654896,-19.7465252647355
-16.2690493583638,-20.9127430079805
-16.0085465783134,-21.9734508617709
-15.6329735672304,-22.9870613312078
-15.8088735142645,-24.0090070559106
-15.9268361034727,-25.1850923904449
-15.9125725004566,-26.3087513112866
-15.9671966575501,-27.3782593633935
-16.0008544158793,-28.48777896301
-15.8183857924891,-29.4759838631407
-14.618146493259,-29.7643901582328
-13.5638067731845,-29.9077642124771
-12.4198988991278,-29.9798167792005
-11.6532122236371,-29.3920101941857
-11.6696710987508,-28.2637739117136
-11.7439275154212,-26.9773762735403
-11.6658934591456,-25.7353787306375
-11.0202230296196,-24.8282299615724
-10.0106278924801,-24.48546765921
-8.73748623038227,-24.3224933785541
-7.75559207438168,-24.4161288756491
-8.29983807335972,-23.5932840497924
-9.30963352556929,-22.9038042130487
-10.2243923922078,-22.2962924126687
-11.1261029155514,-21.7576582076067
-12.1161563968522,-21.4824660809285
-13.2210254872123,-21.3651603429164
-14.2424463110179,-21.2681737586524
-15.3986149448544,-20.8544216434559
-16.1362264002036,-20.1584998596318
-16.3897391748013,-19.1935566396498
-16.4189834290568,-18.1413166144184
-16.2245036713087,-17.0645153489306
-15.9944761005399,-16.0647001580452
-15.8670568651268,-14.9858986740775
-15.8326903208805,-13.8226858719072
-15.8925921247219,-12.780194683758
-16.1968596500673,-11.8064695977562
-16.496561986214,-10.7017939265808
-16.5076113158774,-9.69319796769756
-16.4457580069605,-8.63570004943664
-16.6589893723822,-7.4783366076229
-16.8106427072174,-6.93973473127372
-5.22080454139268,-8.08395607038322
-4.78424773296842,-9.12830457819572
-4.1590697443461,-10.1760125274859
-3.5124996156723,-11.0585915365305
-2.90541474624096,-12.0888631639167
-2.90082393904161,-13.027310093204
-3.86136777179726,-12.6545108058727
-4.36451203593009,-11.6297440425527
-4.73761688510837,-10.5022401296767
-5.04504088572694,-9.31194575941543
-5.209387687021,-8.12141230218482
-4.88679078498256,-7.42200421694605
-4.22079848066658,-8.45194490746561
-3.6614481074736,-9.51329413118956
-3.39955263500332,-10.5316153501604
-2.51503856651385,-11.1107150481463
-2.52952299087322,-12.1219175822365
-3.34892191587944,-12.8189156469159
-4.4129737154924,-12.8190157624567
-5.55577050994687,-12.5474184466256
-6.55181042351817,-12.4787073152439
-7.61405465206696,-12.5818135862329
-7.85717148065897,-13.5533543787172
-7.20979388777657,-14.4005184176635
-6.86906287687844,-14.2277926344316
-6.98618516071995,-13.2293171230189
-6.22898348802216,-12.657630916552
-5.21692211403579,-12.3194232799347
-5.00292093160116,-11.3637644471837
-5.16901232236448,-10.3424010913459
-5.24914808397639,-9.11045958548351
-5.20582693837513,-7.86235190476811
-4.69109824202405,-8.75188598945597
-4.54943036583562,-9.83331803253449
-4.72573831013757,-10.896016699973
-5.07605516541886,-11.8195391605509
-6.14529242989244,-12.0892679944186
-7.21722366706546,-12.2982001769958
-7.48442931406022,-13.3975685196101
-7.43361099005963,-14.172670649542
-10.5285815834205,-5.73839790200797
-9.6062246013382,-5.28297819886808
-8.67916196651414,-4.79631004019944
-7.70595382657024,-4.46555964498461
-6.56614328285909,-4.24716611551139
-5.45537864815988,-3.94257671211942
-4.39749252418661,-3.37254393442467
-3.43356318674379,-2.93940821506311
-2.49124375300735,-2.3956179258571
-1.436221720751,-1.69676401477975
-0.671866823103611,-1.04738629929899
-0.0288722617408315,-0.0567174377829774
-2.28448542756096,-17.7317344463966
-3.17307107251129,-18.2218217965148
-4.31658344629944,-18.2401880488527
-5.31730811939512,-17.9873685718238
-6.37642543407162,-17.6092342718437
-6.95775672941942,-16.7786832718331
-6.80551137354808,-15.5445835676944
-6.17914194062066,-14.7572679180996
-5.14401369357669,-14.619521479182
-3.99510822814877,-14.5591637548663
-2.90247356563405,-14.4444456319839
-2.48160894537843,-14.4244432484808
-11.9144692277523,-9.76947162867994
-11.7666800784732,-10.8979850892727
-11.2356035495706,-11.8876949825414
-10.3205943589594,-12.6553116114518
-9.22822219930193,-12.9001870077113
-7.98112050095433,-12.7635930944923
-6.95560915146131,-12.6164929924173
-5.74078604728228,-12.4966111475277
-4.64110825829137,-12.4371555207275
-3.57376787446702,-12.4954758545206
-2.49083334946655,-12.2748814669931
-3.19888246873516,-12.2539165385568
-4.16174768331216,-12.9072272342883
-5.11491978887697,-13.3437651997778
-6.11540050325344,-13.6188656261811
-7.19278181208006,-13.8843872363331
-8.20669079876605,-14.0587731821333
-9.45902206573603,-14.1781325957515
-10.4922535498707,-13.9785358857407
-11.2228354791851,-13.1891419686468
-11.6071200931647,-12.0157668310892
-11.7914280551153,-10.9466886486609
-11.9083542783018,-9.81834292893989
-13.0336619116952,-30.744879256132
-12.0024248201463,-30.4168515976694
-11.2587190886645,-29.6818554633478
-10.5680577575578,-28.7296577630038
-9.99017644459788,-27.8211867624868
-9.67024633883122,-26.7457458188105
-9.67896358180593,-25.661805112897
-10.1955869651358,-24.7694728944735
-11.2140478527773,-25.085536912841
-12.0181507409044,-25.778374709089
-13.0324440887146,-26.2805657568781
-14.0169398317999,-26.60799805625
-15.1007949941315,-27.0876283625074
-15.7901609968404,-27.9174345251869
-15.5208388524688,-28.9367296215965
-14.4955853382434,-29.2881884150072
-13.3669406042919,-29.3307582532549
-12.1423444579136,-29.1267375975336
-11.0087509159726,-28.8583952868
-10.1846409916089,-28.1083956182678
-9.78098137605921,-27.1583139306221
-9.66092356273314,-26.0783682760564
-9.92371888364626,-25.0009323126822
-10.8963033433312,-24.7744711911925
-11.8550845822688,-25.3628433889556
-12.8780141165055,-25.8722567908942
-13.9189677252247,-26.2171193267374
-14.9142417121314,-26.0011409841478
-15.1870288056677,-24.9506868271922
-15.1234412027216,-23.8460837917164
-14.4268037121044,-23.0554451871156
-13.2894879257175,-22.9172712803931
-12.1623635209787,-22.9612240437144
-11.16839107547,-23.2970485807069
-10.3200377247883,-23.9140602173355
-9.83425201065899,-24.7924887316904
-9.66315903226941,-25.9144238846443
-9.4531524399597,-27.0503884180834
-8.74495613630814,-27.9887201310586
-7.74031604402189,-28.350630963503
-6.65664847276158,-28.3720515940304
-5.50980762459102,-28.2682896899049
-4.40878247778781,-28.1051719475676
-3.28653489105677,-27.9679415813686
-2.16492388410866,-28.1683659941436
-1.2603415335149,-28.8079571510926
-0.357934273763048,-29.5947066448655
-0.196057617611145,-29.748245289915
-4.47885072272509e-07,-2.05829648166511e-08
-0.826116278103901,-0.593206601041426
-1.70887808608151,-1.30722648787934
-2.72633805037946,-1.78320834487515
-3.87683643829579,-2.1139194662098
-4.86336413694986,-2.58274024058405
-5.90619215554362,-3.07888605973166
-6.9501619984564,-3.45845828405049
-7.94916011542287,-3.89786616557382
-8.85196402661243,-4.38846498178477
-9.85372588123171,-5.08699648525949
-10.5115491631708,-5.7184887070865
-5.75080633643837,-14.582905715541
-6.31627049252952,-15.5421697408698
-6.59253070957683,-16.5426511817434
-6.38329966448731,-17.6799251424469
-5.48064275012512,-18.0063114464212
-4.43090666991655,-17.9863825266862
-3.38865833037404,-17.9705651159223
-2.39175339453049,-17.7467993518834
-2.33635877571411,-17.7315365023989
-2.44190410904944,6.23710366248914
-1.98119075829179,5.25549895760545
-1.55943214109052,4.22009967985791
-1.26245306747314,3.25262235095484
-1.00124117688265,2.25984192503587
-0.675148433442682,1.2987163827023
-0.235067099250341,0.386998751187892
-0.026644898707426,0.0447783135823062
-2.2811311977161,-17.7331706544327
-3.286492093873,-17.9801063540129
-4.43607293764593,-17.9932010026918
-5.55005571711309,-17.9240177289717
-6.37559754050548,-17.0756959520868
-6.4833168332355,-15.9305203526874
-6.02603906785544,-14.7857084922756
-5.02927915822382,-14.5803308594745
-4.02926473835691,-14.529863537123
-2.99183932624892,-14.4416531023562
-2.52039332719853,-14.4242834288839
-15.8467964277044,-29.4482489434557
-15.8846240733665,-28.3455588412308
-15.8387888167176,-27.294811781561
-15.9217181144408,-26.0640835607261
-15.8679063551944,-24.9560957762256
-15.6878606328614,-23.9387706160047
-15.6918525437618,-22.8242803143001
-16.1450276534803,-21.6570007323162
-16.448263961806,-20.6529545610154
-16.5139939165954,-19.6048403055831
-16.3929697826469,-18.4189247338823
-16.4809745826414,-17.2539585908538
-16.607776655894,-16.0273677684013
-16.6776152349905,-15.011747613904
-16.541819011993,-13.9809495874842
-16.7183261831089,-12.8440960393787
-16.7084062146868,-11.7641310043682
-16.3764483432543,-10.7618905219468
-16.2120889500984,-9.54943937142144
-16.5621211076576,-8.41418331233956
-17.0944195368529,-7.56515954631471
-16.8857838174065,-6.9279149296867
-13.0341747430613,-30.7449779213655
-11.8836413749461,-30.7734150621446
-10.6788702459677,-30.7962547828063
-9.58205827357388,-30.7513272276877
-8.54396227850861,-30.5412045414669
-7.4096715301856,-30.30201321644
-6.29081276359569,-30.0549033351034
-5.22964810866579,-29.9097485337832
-4.13631195892657,-29.7999822827427
-3.02336075758773,-29.7557505046669
-1.97320524908236,-29.7261748195639
-1.29415258765932,-29.2157256131703
-2.29817743160135,-28.9715368321594
-3.34333421511888,-29.0920118424707
-4.46809605312046,-29.2288584218743
-5.54544328836542,-29.3449422862212
-6.63009770229882,-29.3733426254508
-7.6768024693192,-29.3206546331498
-8.8293412908684,-29.2503396312338
-9.84093155286892,-29.3013929276357
-11.0805477113208,-29.4633945935385
-12.2114272355853,-29.835036731129
-12.9827403847975,-30.6088037834641
-13.0272505031513,-31.6175561142977
-12.8725674115829,-32.5994240317605
-11.851276727875,-32.9917602370535
-11.084035417031,-32.48165480338
-11.1356195513368,-31.4841323196543
-12.0726042644352,-31.0990037374413
-13.0398624712907,-30.7498182327464
-12.3967678412402,0.751927699387765
-12.7103191309275,-0.231594127380176
-12.7843101690857,-1.4348196811636
-12.346175685593,-2.50688990864741
-11.7531099587327,-3.36290451084191
-11.1074867758555,-4.37158284591694
-10.7810258894247,-5.38846507735969
-10.7218617175868,-6.38774846064161
-10.7420931178172,-7.54168015856384
-10.7546556308459,-8.58697788938149
-10.6980534511589,-9.82850184676331
-10.5560606695542,-10.9379033627024
-10.3945153546766,-11.9967844854901
-10.2499249546315,-13.1287604432988
-10.181334442887,-14.1782661214025
-10.1769570072683,-15.2496259531886
-10.1424649007791,-16.3173314648181
-10.0863818482905,-17.3817874622518
-10.085890622498,-18.633434127272
-10.0528281643706,-19.69931163888
-9.95627241140575,-20.9096234577912
-9.88888343567884,-21.9420964736387
-9.84838643521877,-22.9824607979089
-9.83498661435978,-24.2051431124642
-9.77390754845172,-25.2290907442416
-9.64061567592053,-26.3103709982461
-9.70111603447691,-27.3897671304005
-10.1714323470713,-28.4301412228708
-10.9277315599452,-29.1235577748817
-11.7391397943961,-29.7331016545878
-12.6085069021171,-30.463062294023
-12.9772439149326,-30.7069709020918
-3.7023785439298e-05,0.00117250859078053
-0.944466773059186,-0.453223448544893
-1.95116527354699,-1.10766930903576
-3.03335117294756,-1.4962257718761
-4.05071800791669,-1.85641361858549
-5.00575531558049,-2.38244610293496
-5.9397350422975,-2.85586123176038
-6.87834665975897,-3.22626593971411
-8.00337751418027,-3.63487645088247
-9.02725993150117,-4.17675489060983
-9.82226622490003,-4.80872030133989
-10.4709724506065,-5.67773992052635
-10.983970174299,-6.71048347015529
-11.3899494365345,-7.66207931669153
-11.7195854616941,-8.81340278485308
-11.9264109839039,-9.91102165462322
-11.5577669091145,-10.8584753940279
-11.5721823187428,-11.8692748147105
-11.9205126104536,-12.9617211941304
-12.6876106702568,-13.5804075858575
-13.9304101932582,-13.8373047564212
-15.0315182980011,-13.9424981827918
-16.0357688490005,-14.1345088835806
-16.7148970335893,-15.1382480322533
-16.7336773289822,-16.1823667328469
-16.6431604603433,-17.2592470210866
-15.9525737264578,-17.939906855535
-14.7001890430298,-17.825383845701
-13.597418711155,-17.5580500044534
-12.5816811379115,-17.2141979330605
-11.705773034749,-16.7202046819568
-10.8593806988611,-15.8890925072017
-10.3265292560469,-14.7493614954476
-10.2282787874202,-13.5818993140663
-10.2854293417332,-12.5776353520398
-10.3459623252954,-11.3857829582151
-10.2791267958865,-10.250781100332
-10.1781890704698,-9.25055088800206
-10.2903309691424,-8.15549731667791
-10.4456038916265,-7.10434947501711
-10.5402168938841,-6.0936802392121
-10.5340213620007,-5.85996937239662
-9.64691188333557,-25.9123829063526
-9.61930545150464,-24.8245897367885
-8.80053127253058,-24.4182290410478
-7.68643277068391,-24.4593087098505
-6.61113132278743,-24.3856616307169
-5.73091401557944,-24.5220454488642
-4.91688732686171,-25.3124006007065
-3.75052363382838,-25.3122840845009
-2.72213662728317,-25.1785763826906
-2.03446844131278,-25.8204659371975
-2.00505509653854,-24.7000518170527
-2.65197838150712,-23.6497684258731
-2.97451755449275,-22.5556370426215
-3.11365643174445,-21.3312513721464
-2.64640843581014,-20.3612482332153
-2.42256734791078,-19.5650379118704
-3.44367198674671,-19.5291739813936
-4.58214035399148,-19.7620297360607
-5.68839398865521,-20.0918745512807
-6.06840428609509,-20.9666526863252
-6.35120910927516,-21.976155392099
-7.16351076972175,-22.567729047585
-7.16329347189889,-23.5599752569019
-7.60967366827552,-24.4181402168465
-8.70968632975263,-24.4190919794728
-9.05638464304174,-23.3846686794181
-9.154940030879,-22.2891607644785
-9.28823429094726,-21.1918039435583
-9.3834991300715,-20.0911550594957
-9.47735639578945,-19.0195153777618
-9.58960469093157,-17.9728242641412
-9.77573813619368,-16.9512815119319
-9.91756405763293,-15.928655665906
-10.0228672123506,-14.9211660500898
-10.1670126964602,-13.7998752927653
-10.2161465041932,-13.3920618236601
-10.5319213645837,-5.7299179706657
-9.81130098265131,-6.4956450319485
-9.45527899749397,-7.40982373373333
-9.82661892093296,-8.47742912903033
-10.1945648738483,-9.62477396471685
-10.3825724351282,-10.6233162037265
-10.455451431451,-11.7006633777321
-10.2289976622887,-12.9371502656307
-9.77132565982981,-14.041484045844
-8.89877295957269,-14.6688051314342
-7.9133583592578,-14.4845827743699
-7.25355134108444,-13.7063004560426
-6.70041772727904,-12.7908842763302
-5.7148862995648,-12.5295909312255
-4.57148065495524,-12.57362422223
-3.48857729593201,-12.5184745223783
-2.46523869825979,-12.3068448306389
-2.60168799646403,-11.3807850209063
-3.43532215231805,-10.6341541203098
-3.99243498043864,-9.75841269301207
-4.56113870227401,-8.71143819788182
-5.33951675077785,-8.00652766865861
-5.65519368309904,-8.67201743687808
-5.1975318123882,-9.56690668493727
-4.69143250746919,-10.5664200005192
-4.78696884600436,-11.6673549355436
-5.54120546726059,-12.3923470499351
-6.61093814291503,-12.6219163922753
-7.32455071108183,-13.2969047324743
-7.48028960187477,-14.3360097885821
-8.38083195298998,-14.1767083614593
-9.04198559433368,-13.22828032504
-9.56030298806913,-12.3269096343577
-9.80856921227783,-11.2551935177839
-9.87711358870442,-10.2257961597448
-9.87921837263428,-9.17041670276338
-10.0351098165144,-8.17068573262004
-10.2208818151705,-7.12831364938004
-10.483495167735,-5.96771089935442
-10.546366684691,-4.8211000965258
-10.244213302121,-3.74522755499349
-10.0247085530815,-2.72005192928538
-9.76001135417882,-1.62141503161698
-9.95181252174275,-0.612476979108585
-10.6280192711256,0.118223321042128
-11.735171071557,0.475730553245145
-12.6809884488557,0.150339244831418
-13.2241272863877,-0.674050110872053
-13.0410701753426,-1.84358613124838
-12.7550614693096,-2.86478121105738
-12.5061893236526,-3.96236106660936
-12.4482094737413,-5.13186599562568
-12.2934024749944,-6.36600473060726
-11.5291174211881,-6.79257724151794
-10.6882411096578,-5.95380389013669
-10.55208802777,-5.7691741463245
-2.42323974094697,-14.4189253150237
-3.41932109976361,-14.1845590335678
-4.42272920655278,-14.2001204033325
-5.44496161428133,-14.4872615688672
-6.36206591363713,-15.0134809726617
-6.67655369058063,-16.0708651075015
-6.42474583182797,-17.1454737932451
-5.88402682760665,-17.9783756116668
-4.88790404267495,-17.8263924956838
-3.85513164310599,-17.7315116912181
-2.8454717079817,-17.7677729014153
-2.29011905300925,-17.7200504615029
-13.0357197390859,-30.7438714049265
-12.0085524452768,-30.4158253088773
-11.0102677025348,-29.6499909422657
-10.2437521970433,-28.7281027200119
-9.7609995616096,-27.7182072572283
-9.56607031618497,-26.7229332359962
-9.68077298957362,-25.52548262961
-9.80201764252815,-24.5145892199852
-9.84821791071947,-23.4279363474636
-9.87364938226768,-22.3263785616323
-9.97063038623245,-21.3193548230168
-10.0438876898354,-20.2385789577318
-10.0592764840877,-19.2176424078774
-10.1032821769573,-18.1982546920844
-10.1651580931246,-16.9788995639176
-10.229604215036,-15.9148838281848
-10.2243471510823,-14.7954335940327
-10.2164233111704,-13.6686010159287
-10.155550625221,-12.4569564840867
-10.1079307356924,-11.4419297008408
-10.0635071662476,-10.4228791720108
-9.97260702020466,-9.24113840348119
-9.87079371260453,-8.0531800208132
-9.84230072116566,-7.03602394885661
-9.91169006029318,-5.788035731669
-10.1434923816761,-4.62644449029963
-10.5933454323593,-3.72877743814081
-11.300068911607,-2.79821394350041
-12.043016117868,-1.89961123251026
-12.3688212814227,-0.841131456953476
-12.2226307668923,0.220819630869718
-12.3787628692236,0.720446266863566
1.0878854530976,-7.51565532621987
-0.0793434690910429,-7.4228961393521
-0.969617395620225,-7.06849110035753
-0.749022516797828,-6.05371305749145
-0.293646600613285,-5.13376204688718
-0.40013459397223,-4.12086090758375
-1.20817376729103,-4.34194299342115
-2.00469763198774,-4.98513097913928
-3.11297550700053,-5.36808526323917
-4.12901904432256,-5.19285942401814
-5.12722448182386,-4.54078603759224
-5.39563749917535,-3.56189622972613
-4.70768343256132,-2.68661000102849
-3.7879030352818,-2.09116170374732
-2.649291292748,-1.63265229967532
-1.57249465696023,-1.14246286596813
-0.665611654859332,-0.582064333657192
-0.0453686680853065,0.168910415625492
-0.397975020543508,1.16991272504848
-0.732782966724331,2.225517751533
-1.09163472408445,3.41302876425236
-1.4393221234164,4.56988474256838
-1.91419529920152,5.6619963456071
-2.63762782547953,6.42998332617839
-3.67569612030265,6.54574061170566
-4.61265096335192,6.03878834020307
-5.50189462109184,5.51138286918551
-6.34013489349202,4.93871712021472
-7.25618316169341,4.3250447988825
-8.02046815672834,3.58882832907643
-8.60418073887104,2.77204936074185
-8.5234971704275,1.75898634512832
-7.95788159072415,0.861419001600986
-7.20914569236743,0.0908874567541526
-6.21913456371799,0.258322790247797
-5.90778028915255,1.39693653967205
-6.26802984730728,2.45311985721953
-6.92416226882767,3.55559169926889
-6.93851092267493,4.54744519749188
-5.89782190122395,5.09993509844034
-4.66291932649147,5.4020456011728
-3.42980651983528,5.82006636440201
-2.40384742647902,6.1973015783126
-1.82784457703945,5.33524374402425
-1.3612714523993,4.31336355943967
-0.851813246693087,3.25013320472876
-0.932086764421201,2.29221956755602
-1.69516776154975,1.53671053441333
-2.76206843129541,1.09630622918828
-3.79529903839577,0.643327545344459
-4.27563585412917,-0.235622786751199
-3.93419116883876,-1.3352342490127
-4.63355661245232,-2.2630143101126
-5.56383003990536,-2.7660061769388
-6.65323678425159,-3.28780785345317
-7.72295844836261,-3.84413171792515
-8.75640720369553,-4.37472118360325
-9.65445704046182,-4.86034012722366
-10.4468921311731,-5.6457010498575
